z value,thickness (cm)
0,21.7333
0.1,8.18621
0.2,9.30092
0.3,10.9029
0.4,13.2968
0.5,17.512
0.6,6.89485
0.7,8.11312
0.8,9.91614
0.9,12.7608
1,18.1333
1.1,6.69993
1.2,8.18621
1.3,10.1963
1.4,12.9374
1.5,17.7557
1.6,6.12126
1.7,7.26033
1.8,8.95981
1.9,11.6095
2,4.92127
2.1,5.79842
2.2,7.10805
2.3,9.16082
2.4,12.5963
2.5,20.5089
